{
    "epoch": [
        0,
        1,
        2,
        3,
        4,
        5,
        6,
        7,
        8,
        9,
        10,
        11,
        12,
        13,
        14,
        15,
        16,
        17,
        18,
        19,
        20,
        21,
        22,
        23,
        24,
        25,
        26,
        27,
        28,
        29,
        30,
        31,
        32,
        33,
        34,
        35,
        36,
        37,
        38,
        39,
        40,
        41,
        42,
        43,
        44,
        45,
        46,
        47,
        48,
        49,
        50,
        51,
        52,
        53,
        54,
        55,
        56,
        57,
        58,
        59,
        60,
        61,
        62,
        63,
        64,
        65,
        66,
        67,
        68,
        69,
        70,
        71,
        72,
        73,
        74,
        75,
        76,
        77,
        78,
        79,
        80,
        81,
        82,
        83,
        84,
        85,
        86,
        87,
        88,
        89,
        90,
        91,
        92,
        93,
        94,
        95,
        96,
        97,
        98,
        99
    ],
    "loss": [
        0.013006530609955049,
        0.005702831595115693,
        0.0047850293094237155,
        0.004302392471606461,
        0.003957768200731065,
        0.0037058854036843706,
        0.0035124066148629306,
        0.0033593129035408395,
        0.0032430443873748774,
        0.0031391402282124237,
        0.003044333535762263,
        0.002958337327627502,
        0.002890889737173269,
        0.0028353207079809834,
        0.002786619057328881,
        0.002749254202407763,
        0.002711851951585557,
        0.0026791219676517634,
        0.0026501780555980756,
        0.0026283403380609645,
        0.002600960388924675,
        0.0025794360439169235,
        0.0025573387269994616,
        0.0025378642642772406,
        0.0025183221000850357,
        0.0025046620082856664,
        0.002486529588970884,
        0.002471896911024235,
        0.0024580637445685903,
        0.0024454082793472927,
        0.0024354860820892422,
        0.002422541982806436,
        0.002410712974958733,
        0.002401038654121274,
        0.002390699219487849,
        0.0023831179528055004,
        0.0023721398607497294,
        0.0023641155430601385,
        0.0023554513957658894,
        0.0023490096112595785,
        0.002340918589569427,
        0.0023336560409318134,
        0.0023269943870378295,
        0.002319912522367595,
        0.0023134447615524977,
        0.002307076220007501,
        0.002301698901758463,
        0.002296187470837752,
        0.0022904128939855595,
        0.0022848069308413804,
        0.002281297517756165,
        0.002275153954601127,
        0.002276614352859285,
        0.002263104201672877,
        0.002261116501028401,
        0.0022567640341818627,
        0.002252165671073936,
        0.0022486909159199846,
        0.0022445805073513674,
        0.00224021412918578,
        0.002236545642963402,
        0.0022338926127714,
        0.002229511375723931,
        0.002225259369130533,
        0.0022225658160261084,
        0.0022187454933273523,
        0.002215126660629984,
        0.0022113487796112377,
        0.002209173685191383,
        0.0022052170917325306,
        0.002203896084319052,
        0.002198777421078143,
        0.002196814796033677,
        0.0021937833523740825,
        0.0021942089631219984,
        0.0021889164630774726,
        0.0021856968480050616,
        0.0021833788027079285,
        0.002180926195926343,
        0.0021781758191969716,
        0.0021757854291815835,
        0.0021730509910922553,
        0.0021708913794939483,
        0.0021681974059003517,
        0.0021332364704297127,
        0.0021302503167958554,
        0.00212786937200684,
        0.002125751428632831,
        0.0021237744052003443,
        0.0021220885748346355,
        0.0021207906141147946,
        0.002118975675897757,
        0.002117819192411397,
        0.00211652752934067,
        0.002115266441331272,
        0.0021136233234030147,
        0.002112479315139225,
        0.002111469845138731,
        0.0021102182861422853,
        0.0021092917023530916
    ],
    "lr": [
        9.999999747378752e-05,
        9.999999747378752e-05,
        9.999999747378752e-05,
        9.999999747378752e-05,
        9.999999747378752e-05,
        9.999999747378752e-05,
        9.999999747378752e-05,
        9.999999747378752e-05,
        9.999999747378752e-05,
        9.999999747378752e-05,
        9.999999747378752e-05,
        9.999999747378752e-05,
        9.999999747378752e-05,
        9.999999747378752e-05,
        9.999999747378752e-05,
        9.999999747378752e-05,
        9.999999747378752e-05,
        9.999999747378752e-05,
        9.999999747378752e-05,
        9.999999747378752e-05,
        9.999999747378752e-05,
        9.999999747378752e-05,
        9.999999747378752e-05,
        9.999999747378752e-05,
        9.999999747378752e-05,
        9.999999747378752e-05,
        9.999999747378752e-05,
        9.999999747378752e-05,
        9.999999747378752e-05,
        9.999999747378752e-05,
        9.999999747378752e-05,
        9.999999747378752e-05,
        9.999999747378752e-05,
        9.999999747378752e-05,
        9.999999747378752e-05,
        9.999999747378752e-05,
        9.999999747378752e-05,
        9.999999747378752e-05,
        9.999999747378752e-05,
        9.999999747378752e-05,
        9.999999747378752e-05,
        9.999999747378752e-05,
        9.999999747378752e-05,
        9.999999747378752e-05,
        9.999999747378752e-05,
        9.999999747378752e-05,
        9.999999747378752e-05,
        9.999999747378752e-05,
        9.999999747378752e-05,
        9.999999747378752e-05,
        9.999999747378752e-05,
        9.999999747378752e-05,
        9.999999747378752e-05,
        9.999999747378752e-05,
        9.999999747378752e-05,
        9.999999747378752e-05,
        9.999999747378752e-05,
        9.999999747378752e-05,
        9.999999747378752e-05,
        9.999999747378752e-05,
        9.999999747378752e-05,
        9.999999747378752e-05,
        9.999999747378752e-05,
        9.999999747378752e-05,
        9.999999747378752e-05,
        9.999999747378752e-05,
        9.999999747378752e-05,
        9.999999747378752e-05,
        9.999999747378752e-05,
        9.999999747378752e-05,
        9.999999747378752e-05,
        9.999999747378752e-05,
        9.999999747378752e-05,
        9.999999747378752e-05,
        9.999999747378752e-05,
        9.999999747378752e-05,
        9.999999747378752e-05,
        9.999999747378752e-05,
        9.999999747378752e-05,
        9.999999747378752e-05,
        9.999999747378752e-05,
        9.999999747378752e-05,
        9.999999747378752e-05,
        9.999999747378752e-05,
        4.999999873689376e-05,
        4.999999873689376e-05,
        4.999999873689376e-05,
        4.999999873689376e-05,
        4.999999873689376e-05,
        4.999999873689376e-05,
        4.999999873689376e-05,
        4.999999873689376e-05,
        4.999999873689376e-05,
        4.999999873689376e-05,
        4.999999873689376e-05,
        4.999999873689376e-05,
        4.999999873689376e-05,
        4.999999873689376e-05,
        4.999999873689376e-05,
        4.999999873689376e-05
    ],