{
    "epoch": [
        0,
        1,
        2,
        3,
        4,
        5,
        6,
        7,
        8,
        9,
        10,
        11,
        12,
        13,
        14,
        15,
        16,
        17,
        18,
        19,
        20,
        21,
        22,
        23,
        24,
        25,
        26,
        27,
        28,
        29,
        30,
        31,
        32,
        33,
        34,
        35,
        36,
        37,
        38,
        39,
        40,
        41,
        42,
        43,
        44,
        45,
        46,
        47,
        48,
        49,
        50,
        51,
        52,
        53,
        54,
        55,
        56,
        57,
        58,
        59,
        60,
        61,
        62,
        63,
        64,
        65,
        66,
        67,
        68,
        69,
        70,
        71,
        72,
        73,
        74,
        75,
        76,
        77,
        78,
        79,
        80,
        81,
        82,
        83,
        84,
        85,
        86,
        87,
        88,
        89,
        90,
        91,
        92,
        93,
        94,
        95,
        96,
        97,
        98,
        99
    ],
    "loss": [
        0.0019197549473637572,
        0.0007293408129220971,
        0.0004954526941363628,
        0.00039398885840693344,
        0.00034038400374209653,
        0.0003071774161635683,
        0.0002838263410465935,
        0.0002677138997814976,
        0.0002424888512979333,
        0.00023816285877703474,
        0.00023337516743833056,
        0.00022909052125178278,
        0.0002254315086747878,
        0.0002223273260769649,
        0.00021961215855911947,
        0.00021699961515573354,
        0.00021494352316770416,
        0.0002126364529097023,
        0.00021074040079704272,
        0.0002090253326970224,
        0.00020715965630056766,
        0.0002055477052138975,
        0.00020411813979466948,
        0.00020260917155000453,
        0.00020139094966893585,
        0.00020008499555361386,
        0.00019901190836412401,
        0.00019796413152048793,
        0.00019685073725592633,
        0.00019577751120624062,
        0.00019498138394779884,
        0.00019401419796765998,
        0.00018902735764232394,
        0.00018875843874680307,
        0.00018813946666554188,
        0.00018757019846771773,
        0.00018703445568322562,
        0.00018654939491803257,
        0.00018603806880374368,
        0.00018556923984120097,
        0.00018510769402178435,
        0.00018466600042123062,
        0.00018422169050631614,
        0.00018380785742416406,
        0.00018340838640355147,
        0.00018309908945185062,
        0.00018263082029656148,
        0.000182295518518927,
        0.00018186105586445102,
        0.00018153389028201884,
        0.00018113838416667513,
        0.00018077296206297784,
        0.00018044488504529,
        0.0001800587453557035,
        0.00017971028279011638,
        0.00017941413356636007,
        0.00017728049489311302,
        0.00017716805765476937,
        0.0001769455030327663,
        0.0001767203386550626,
        0.00017650204525472454,
        0.00017628841887658032,
        0.0001760884615073267,
        0.00017587498638492365,
        0.00017567398642333082,
        0.00017547367250618452,
        0.00017528303512013877,
        0.0001750857964122238,
        0.00017490839673958431,
        0.00017471833837290224,
        0.00017453011762028417,
        0.0001743559236244227,
        0.00017417047886142078,
        0.0001739971452410548,
        0.00017382312768783706,
        0.00017364113957692796,
        0.00017348360469063314,
        0.00017331681896824963,
        0.0001731458636914165,
        0.000172971578168038,
        0.00017246164138106485,
        0.00017235334320710256,
        0.0001722113457365105,
        0.00017207289253576443,
        0.00017193406358934367,
        0.00017179642806116206,
        0.0001716653348125804,
        0.00017152581897994073,
        0.0001713963796527913,
        0.0001712628518947615,
        0.00017113370141193558,
        0.0001710049829338319,
        0.0001708762844863276,
        0.00017075007966218085,
        0.00017062287086334367,
        0.00017049723454894356,
        0.00017037361351271663,
        0.00017025343373668596,
        0.00017013070456361256,
        0.00017000999121675984
    ],
    "lr": [
        9.999999747378752e-05,
        9.999999747378752e-05,
        9.999999747378752e-05,
        9.999999747378752e-05,
        9.999999747378752e-05,
        9.999999747378752e-05,
        9.999999747378752e-05,
        9.999999747378752e-05,
        4.999999873689376e-05,
        4.999999873689376e-05,
        4.999999873689376e-05,
        4.999999873689376e-05,
        4.999999873689376e-05,
        4.999999873689376e-05,
        4.999999873689376e-05,
        4.999999873689376e-05,
        4.999999873689376e-05,
        4.999999873689376e-05,
        4.999999873689376e-05,
        4.999999873689376e-05,
        4.999999873689376e-05,
        4.999999873689376e-05,
        4.999999873689376e-05,
        4.999999873689376e-05,
        4.999999873689376e-05,
        4.999999873689376e-05,
        4.999999873689376e-05,
        4.999999873689376e-05,
        4.999999873689376e-05,
        4.999999873689376e-05,
        4.999999873689376e-05,
        4.999999873689376e-05,
        2.499999936844688e-05,
        2.499999936844688e-05,
        2.499999936844688e-05,
        2.499999936844688e-05,
        2.499999936844688e-05,
        2.499999936844688e-05,
        2.499999936844688e-05,
        2.499999936844688e-05,
        2.499999936844688e-05,
        2.499999936844688e-05,
        2.499999936844688e-05,
        2.499999936844688e-05,
        2.499999936844688e-05,
        2.499999936844688e-05,
        2.499999936844688e-05,
        2.499999936844688e-05,
        2.499999936844688e-05,
        2.499999936844688e-05,
        2.499999936844688e-05,
        2.499999936844688e-05,
        2.499999936844688e-05,
        2.499999936844688e-05,
        2.499999936844688e-05,
        2.499999936844688e-05,
        1.249999968422344e-05,
        1.249999968422344e-05,
        1.249999968422344e-05,
        1.249999968422344e-05,
        1.249999968422344e-05,
        1.249999968422344e-05,
        1.249999968422344e-05,
        1.249999968422344e-05,
        1.249999968422344e-05,
        1.249999968422344e-05,
        1.249999968422344e-05,
        1.249999968422344e-05,
        1.249999968422344e-05,
        1.249999968422344e-05,
        1.249999968422344e-05,
        1.249999968422344e-05,
        1.249999968422344e-05,
        1.249999968422344e-05,
        1.249999968422344e-05,
        1.249999968422344e-05,
        1.249999968422344e-05,
        1.249999968422344e-05,
        1.249999968422344e-05,
        1.249999968422344e-05,
        9.999999747378752e-06,
        9.999999747378752e-06,
        9.999999747378752e-06,
        9.999999747378752e-06,
        9.999999747378752e-06,
        9.999999747378752e-06,
        9.999999747378752e-06,
        9.999999747378752e-06,
        9.999999747378752e-06,
        9.999999747378752e-06,
        9.999999747378752e-06,
        9.999999747378752e-06,
        9.999999747378752e-06,
        9.999999747378752e-06,
        9.999999747378752e-06,
        9.999999747378752e-06,
        9.999999747378752e-06,
        9.999999747378752e-06,
        9.999999747378752e-06,
        9.999999747378752e-06
    ],