{
    "epoch": [
        0,
        1,
        2,
        3,
        4,
        5,
        6,
        7,
        8,
        9
    ],
    "loss": [
        865.694687124399,
        496.6920128455529,
        513.8902907151443,
        478.2178588867188,
        399.13180776742786,
        359.96772836538463,
        406.9257474459135,
        399.7564885066106,
        336.94508056640626,
        376.93899301382214
    ],
    "mean_squared_error": [
        2504253.2653846154,
        943499.9538461538,
        1181783.5692307693,
        903623.1846153847,
        776674.5384615385,
        554106.1423076923,
        680251.4096153846,
        693958.9413461538,
        528716.0471153846,
        586212.1855769231
    ],
    "timestamp": "2019-03-20_190630",
    "training time (s)": 71.17,
    "val_loss": [
        2484.4708984375,
        3290.33291015625,
        2636.6044921875,
        2995.20859375,
        1985.66865234375,
        2705.281591796875,
        2756.221875,
        2504.901171875,
        2421.363525390625,
        2798.953662109375
    ],
    "val_mean_squared_error": [
        7344023.3,
        12864173.6,
        8767351.1,
        10011237.8,
        6386470.0,
        9129842.0,
        8240797.8,
        6732816.3,
        7022154.5,
        8726089.0
    ]
}