{
    "epoch": [
        0,
        1,
        2,
        3,
        4,
        5,
        6,
        7,
        8,
        9,
        10,
        11,
        12,
        13,
        14,
        15,
        16,
        17,
        18,
        19,
        20,
        21,
        22,
        23,
        24,
        25,
        26,
        27,
        28,
        29,
        30,
        31,
        32,
        33,
        34,
        35,
        36,
        37,
        38,
        39,
        40,
        41,
        42,
        43,
        44,
        45,
        46,
        47,
        48,
        49,
        50,
        51,
        52,
        53,
        54,
        55,
        56,
        57,
        58,
        59,
        60,
        61,
        62,
        63,
        64,
        65,
        66,
        67,
        68,
        69,
        70,
        71,
        72,
        73,
        74,
        75,
        76,
        77,
        78,
        79,
        80,
        81,
        82,
        83,
        84,
        85,
        86,
        87,
        88,
        89,
        90,
        91,
        92,
        93,
        94,
        95,
        96,
        97,
        98,
        99
    ],
    "loss": [
        0.02666798511353823,
        0.010053277608523002,
        0.006579965191047925,
        0.0048215052044162385,
        0.003773398062070975,
        0.0030547349236619012,
        0.002559219237932792,
        0.002192829800912967,
        0.00190398060991787,
        0.0016778774947501145,
        0.00146425401793363,
        0.0013058370142888564,
        0.001163098754089039,
        0.0010425204095359031,
        0.0009307245805286444,
        0.000822207210958004,
        0.0007321927539860973,
        0.0006454699666597522,
        0.0005648188601821088,
        0.0005174432945760111,
        0.0004790153689682484,
        0.0004572257863500944,
        0.0004375829967168661,
        0.00042004847646905823,
        0.000408710843242275,
        0.00039912278325153656,
        0.00038587376814908705,
        0.00037905571083896435,
        0.0003687579782608037,
        0.00036050399664359597,
        0.00035181637819713124,
        0.00034439216236082406,
        0.0003397859311841715,
        0.00033202831932845024,
        0.00032633970403828875,
        0.0003226714960872554,
        0.00031514138696858517,
        0.000311166538642003,
        0.0003065322551410645,
        0.00030201497070061475,
        0.0002987142654028363,
        0.00029457999198840787,
        0.0002909625546469425,
        0.0002864209139862886,
        0.0002839839001150372,
        0.0002811834593464692,
        0.0002781297052673136,
        0.00027471431863959877,
        0.0002723866756718892,
        0.0002694597176526888,
        0.0002677638600490844,
        0.0002645158839609044,
        0.0002623736183033683,
        0.00026081160450031835,
        0.00025820196194108576,
        0.0002567185917385639,
        0.00025455394642642483,
        0.0002527019696131062,
        0.00025086840613780975,
        0.0002490666036726907,
        0.00024699070752383427,
        0.0002460709493392362,
        0.0002445963971209354,
        0.00024241931824586712,
        0.0002409179806476459,
        0.0002400512459777439,
        0.0002394171391864522,
        0.00023716414506690434,
        0.00023575421247738773,
        0.00023507737967436417,
        0.00021380453429793795,
        0.00021389330346853686,
        0.00021356880876880426,
        0.00021308500642995708,
        0.00021273287043441086,
        0.00021233197430757663,
        0.0002119954669776444,
        0.00021158804963521946,
        0.0002112875815301847,
        0.00021097468390451888,
        0.0002106593700269094,
        0.0002102387643347566,
        0.00020995040696042663,
        0.0002096679396640796,
        0.00020935654254415287,
        0.0002089750863217677,
        0.00020893717352300884,
        0.00020846092470455915,
        0.00020816831892141356,
        0.0002078532254627834,
        0.00020767169714941143,
        0.00020733329000739524,
        0.00020712115968434284,
        0.0002067768226377666,
        0.00020653960498121494,
        0.0002063444413137264,
        0.0002062675729107398,
        0.0002058336925227195,
        0.0002055763113903455,
        0.00020534047782242012
    ],
    "lr": [
        9.999999747378752e-05,
        9.999999747378752e-05,
        9.999999747378752e-05,
        9.999999747378752e-05,
        9.999999747378752e-05,
        9.999999747378752e-05,
        9.999999747378752e-05,
        9.999999747378752e-05,
        9.999999747378752e-05,
        9.999999747378752e-05,
        9.999999747378752e-05,
        9.999999747378752e-05,
        9.999999747378752e-05,
        9.999999747378752e-05,
        9.999999747378752e-05,
        9.999999747378752e-05,
        9.999999747378752e-05,
        9.999999747378752e-05,
        9.999999747378752e-05,
        9.999999747378752e-05,
        9.999999747378752e-05,
        9.999999747378752e-05,
        9.999999747378752e-05,
        9.999999747378752e-05,
        9.999999747378752e-05,
        9.999999747378752e-05,
        9.999999747378752e-05,
        9.999999747378752e-05,
        9.999999747378752e-05,
        9.999999747378752e-05,
        9.999999747378752e-05,
        9.999999747378752e-05,
        9.999999747378752e-05,
        9.999999747378752e-05,
        9.999999747378752e-05,
        9.999999747378752e-05,
        9.999999747378752e-05,
        9.999999747378752e-05,
        9.999999747378752e-05,
        9.999999747378752e-05,
        9.999999747378752e-05,
        9.999999747378752e-05,
        9.999999747378752e-05,
        9.999999747378752e-05,
        9.999999747378752e-05,
        9.999999747378752e-05,
        9.999999747378752e-05,
        9.999999747378752e-05,
        9.999999747378752e-05,
        9.999999747378752e-05,
        9.999999747378752e-05,
        9.999999747378752e-05,
        9.999999747378752e-05,
        9.999999747378752e-05,
        9.999999747378752e-05,
        9.999999747378752e-05,
        9.999999747378752e-05,
        9.999999747378752e-05,
        9.999999747378752e-05,
        9.999999747378752e-05,
        9.999999747378752e-05,
        9.999999747378752e-05,
        9.999999747378752e-05,
        9.999999747378752e-05,
        9.999999747378752e-05,
        9.999999747378752e-05,
        9.999999747378752e-05,
        9.999999747378752e-05,
        9.999999747378752e-05,
        9.999999747378752e-05,
        4.999999873689376e-05,
        4.999999873689376e-05,
        4.999999873689376e-05,
        4.999999873689376e-05,
        4.999999873689376e-05,
        4.999999873689376e-05,
        4.999999873689376e-05,
        4.999999873689376e-05,
        4.999999873689376e-05,
        4.999999873689376e-05,
        4.999999873689376e-05,
        4.999999873689376e-05,
        4.999999873689376e-05,
        4.999999873689376e-05,
        4.999999873689376e-05,
        4.999999873689376e-05,
        4.999999873689376e-05,
        4.999999873689376e-05,
        4.999999873689376e-05,
        4.999999873689376e-05,
        4.999999873689376e-05,
        4.999999873689376e-05,
        4.999999873689376e-05,
        4.999999873689376e-05,
        4.999999873689376e-05,
        4.999999873689376e-05,
        4.999999873689376e-05,
        4.999999873689376e-05,
        4.999999873689376e-05,
        4.999999873689376e-05
    ],