{
    "epoch": [
        0,
        1,
        2,
        3,
        4,
        5,
        6,
        7,
        8,
        9
    ],
    "loss": [
        2111.06884765625,
        1634.0826416015625,
        1271.8480224609375,
        991.0498046875,
        785.5057983398438,
        629.0068359375,
        500.70758056640625,
        425.19696044921875,
        418.33160400390625,
        377.02886962890625
    ],
    "mean_squared_error": [
        22326976.0,
        13615343.0,
        9570570.0,
        6183657.5,
        4008145.5,
        2327447.75,
        1415937.625,
        942404.9375,
        974044.125,
        798394.0625
    ],
    "timestamp": "2019-03-19_174752",
    "training time (s)": 526.99,
    "val_loss": [
        6041.02880859375,
        4713.3798828125,
        3679.701904296875,
        3010.77294921875,
        2473.47705078125,
        1992.3160400390625,
        1780.746337890625,
        1780.856201171875,
        1587.855712890625,
        1582.856201171875
    ],
    "val_mean_squared_error": [
        67152680.0,
        48096484.0,
        31511862.0,
        21405882.0,
        12974441.0,
        8632042.0,
        5593382.0,
        6196281.5,
        4826975.0,
        5060812.5
    ]
}