{
    "epoch": [
        0,
        1,
        2,
        3,
        4,
        5,
        6,
        7,
        8,
        9,
        10,
        11,
        12,
        13,
        14,
        15,
        16,
        17,
        18,
        19,
        20,
        21,
        22,
        23,
        24,
        25,
        26,
        27,
        28,
        29,
        30,
        31,
        32,
        33,
        34,
        35,
        36,
        37,
        38,
        39,
        40,
        41,
        42,
        43,
        44,
        45,
        46,
        47,
        48,
        49,
        50,
        51,
        52,
        53,
        54,
        55,
        56,
        57,
        58,
        59,
        60,
        61,
        62,
        63,
        64,
        65,
        66,
        67,
        68,
        69,
        70,
        71,
        72,
        73,
        74,
        75,
        76,
        77,
        78,
        79,
        80,
        81,
        82,
        83,
        84,
        85,
        86,
        87,
        88,
        89,
        90,
        91,
        92,
        93,
        94,
        95,
        96,
        97,
        98,
        99
    ],
    "loss": [
        0.018729686809766645,
        0.011009843226472048,
        0.009243805199141527,
        0.008196135563016491,
        0.007472697663146461,
        0.006924435111164495,
        0.0064898454146591605,
        0.006133078514172124,
        0.005837183607460961,
        0.005591243434761673,
        0.005383577551801841,
        0.0052060897318459524,
        0.005053239095042369,
        0.004922901141176081,
        0.004810257687190935,
        0.004713395414124248,
        0.004627464338015516,
        0.00455063478419456,
        0.004481918656215005,
        0.0044197873617750965,
        0.004363297744887034,
        0.004311381839711413,
        0.004263752445252585,
        0.004220224945853152,
        0.004179489865840852,
        0.004141835847627099,
        0.00410657340780749,
        0.00407370766885517,
        0.004043164204913383,
        0.0040145829181466456,
        0.00398770257767769,
        0.003961620842843246,
        0.003937233878564615,
        0.003913884892437909,
        0.003892174981730747,
        0.003871172928958785,
        0.003850626871448699,
        0.0038313868735711347,
        0.003813407564785042,
        0.003795817813603137,
        0.0037784252643595566,
        0.0037620773704380977,
        0.003746947962970467,
        0.003731370501475566,
        0.003717031577832897,
        0.0037021472807744534,
        0.0036894951872887367,
        0.003675963337066382,
        0.0036624204762043984,
        0.003586580774724064,
        0.0035837984858405852,
        0.003574960963922445,
        0.003566837905630085,
        0.00355930675621658,
        0.0035521532128937002,
        0.0035453986081828382,
        0.0035389771754562728,
        0.0035324293406811154,
        0.0035264696074758417,
        0.0035206139875041793,
        0.0035147598899973502,
        0.003509299991117884,
        0.0035039158109294324,
        0.003498744801476155,
        0.0034931907956013866,
        0.0034882905409598795,
        0.003483114023353941,
        0.0034782519796817974,
        0.0034737062507688085,
        0.003469070145610286,
        0.0034646220056475685,
        0.003459698850252909,
        0.003455846906299918,
        0.003451193360509148,
        0.003446985024466867,
        0.0034428372821993626,
        0.0034385493198642136,
        0.0034349902997009873,
        0.003430599443276307,
        0.003426684366023217,
        0.0034231990100791216,
        0.003419056012257191,
        0.0034153475772989244,
        0.003411734105506709,
        0.0034078519979222526,
        0.00340442187453924,
        0.003368329366519551,
        0.003369283769231962,
        0.0033663648435344772,
        0.003363674718809537,
        0.0033611813832486646,
        0.003358604527736607,
        0.0033561320977622566,
        0.003353823278835795,
        0.0033515068244846244,
        0.0033493071913048033,
        0.0033470833931735586,
        0.0033448697111538063,
        0.003342757220147628,
        0.0033405874092612173
    ],
    "lr": [
        9.999999747378752e-05,
        9.999999747378752e-05,
        9.999999747378752e-05,
        9.999999747378752e-05,
        9.999999747378752e-05,
        9.999999747378752e-05,
        9.999999747378752e-05,
        9.999999747378752e-05,
        9.999999747378752e-05,
        9.999999747378752e-05,
        9.999999747378752e-05,
        9.999999747378752e-05,
        9.999999747378752e-05,
        9.999999747378752e-05,
        9.999999747378752e-05,
        9.999999747378752e-05,
        9.999999747378752e-05,
        9.999999747378752e-05,
        9.999999747378752e-05,
        9.999999747378752e-05,
        9.999999747378752e-05,
        9.999999747378752e-05,
        9.999999747378752e-05,
        9.999999747378752e-05,
        9.999999747378752e-05,
        9.999999747378752e-05,
        9.999999747378752e-05,
        9.999999747378752e-05,
        9.999999747378752e-05,
        9.999999747378752e-05,
        9.999999747378752e-05,
        9.999999747378752e-05,
        9.999999747378752e-05,
        9.999999747378752e-05,
        9.999999747378752e-05,
        9.999999747378752e-05,
        9.999999747378752e-05,
        9.999999747378752e-05,
        9.999999747378752e-05,
        9.999999747378752e-05,
        9.999999747378752e-05,
        9.999999747378752e-05,
        9.999999747378752e-05,
        9.999999747378752e-05,
        9.999999747378752e-05,
        9.999999747378752e-05,
        9.999999747378752e-05,
        9.999999747378752e-05,
        9.999999747378752e-05,
        4.999999873689376e-05,
        4.999999873689376e-05,
        4.999999873689376e-05,
        4.999999873689376e-05,
        4.999999873689376e-05,
        4.999999873689376e-05,
        4.999999873689376e-05,
        4.999999873689376e-05,
        4.999999873689376e-05,
        4.999999873689376e-05,
        4.999999873689376e-05,
        4.999999873689376e-05,
        4.999999873689376e-05,
        4.999999873689376e-05,
        4.999999873689376e-05,
        4.999999873689376e-05,
        4.999999873689376e-05,
        4.999999873689376e-05,
        4.999999873689376e-05,
        4.999999873689376e-05,
        4.999999873689376e-05,
        4.999999873689376e-05,
        4.999999873689376e-05,
        4.999999873689376e-05,
        4.999999873689376e-05,
        4.999999873689376e-05,
        4.999999873689376e-05,
        4.999999873689376e-05,
        4.999999873689376e-05,
        4.999999873689376e-05,
        4.999999873689376e-05,
        4.999999873689376e-05,
        4.999999873689376e-05,
        4.999999873689376e-05,
        4.999999873689376e-05,
        4.999999873689376e-05,
        4.999999873689376e-05,
        2.499999936844688e-05,
        2.499999936844688e-05,
        2.499999936844688e-05,
        2.499999936844688e-05,
        2.499999936844688e-05,
        2.499999936844688e-05,
        2.499999936844688e-05,
        2.499999936844688e-05,
        2.499999936844688e-05,
        2.499999936844688e-05,
        2.499999936844688e-05,
        2.499999936844688e-05,
        2.499999936844688e-05,
        2.499999936844688e-05
    ],