{
    "epoch": [
        0,
        1,
        2,
        3,
        4,
        5,
        6,
        7,
        8,
        9,
        10,
        11,
        12,
        13,
        14,
        15,
        16,
        17,
        18,
        19,
        20,
        21,
        22,
        23,
        24,
        25,
        26,
        27,
        28,
        29,
        30,
        31,
        32,
        33,
        34,
        35,
        36,
        37,
        38,
        39,
        40,
        41,
        42,
        43,
        44,
        45,
        46,
        47,
        48,
        49,
        50,
        51,
        52,
        53,
        54,
        55,
        56,
        57,
        58,
        59,
        60,
        61,
        62,
        63,
        64,
        65,
        66,
        67,
        68,
        69,
        70,
        71,
        72,
        73,
        74,
        75,
        76,
        77,
        78,
        79,
        80,
        81,
        82,
        83,
        84,
        85,
        86,
        87,
        88,
        89,
        90,
        91,
        92,
        93,
        94,
        95,
        96,
        97,
        98,
        99
    ],
    "loss": [
        0.028196492849787078,
        0.012193213923523823,
        0.008815445322791736,
        0.006940095613648494,
        0.005726529035717249,
        0.0049132967093338566,
        0.004339949964856108,
        0.0038956551764160394,
        0.003553985759615898,
        0.0032779186834891636,
        0.003078698209300637,
        0.002927294090886911,
        0.002801543476432562,
        0.002694216184442242,
        0.0026069538303961355,
        0.002527179498411715,
        0.002462714875427385,
        0.0024010470407083632,
        0.00234901987016201,
        0.002301253718324006,
        0.002259821549244225,
        0.0022213759211823342,
        0.0021854929611086846,
        0.0021529783319061,
        0.0021232384278128545,
        0.0020955151108404,
        0.0020690814214448135,
        0.002045214210636914,
        0.0020228149052088458,
        0.002001239717255036,
        0.0019810529713208476,
        0.0019636136449252568,
        0.0019449631473670403,
        0.0019273548193275928,
        0.0019113641844441494,
        0.001897177875538667,
        0.0018813387166087827,
        0.0018685291601344943,
        0.00185493203488489,
        0.001841640539901952,
        0.0018300458690772455,
        0.0018171512369066477,
        0.001806624059813718,
        0.0017953038726001979,
        0.0017847154341638087,
        0.0017737819943577052,
        0.0017645840102185806,
        0.0017549295568217835,
        0.0017454360123723746,
        0.0017361533160010973,
        0.0017272388458251953,
        0.0017197088975459338,
        0.0017108867567032576,
        0.001701987147082885,
        0.0016956433940057954,
        0.001686987568375965,
        0.0016803448890025418,
        0.0016722784132386247,
        0.0016656574901814261,
        0.0016594540636365612,
        0.0016517943187306324,
        0.0016459816606715322,
        0.0016394712946067253,
        0.0016327208201711377,
        0.0016276174062862991,
        0.0016213261985530455,
        0.0016150009505450725,
        0.0016103001934165756,
        0.0016040598769361774,
        0.0015994729431966941,
        0.0015938902932529648,
        0.0015878581077481309,
        0.001583172793065508,
        0.001578416266478598,
        0.0015734002120171985,
        0.0015697193487857778,
        0.001563911426626146,
        0.0015592519614845515,
        0.0015550843357418974,
        0.0015508279628430803,
        0.0015459995531787475,
        0.001542423390597105,
        0.001538033361112078,
        0.0015341286674141884,
        0.001529857885899643,
        0.001526094316256543,
        0.0015215643025313814,
        0.0015188312724232673,
        0.0015147879427298903,
        0.0015109032335380713,
        0.0015077716339379548,
        0.0015034063511838516,
        0.0015005180805921555,
        0.0014974589828401805,
        0.0014936628431081772,
        0.0014902483620991309,
        0.0014875588836769263,
        0.0014838167890906333,
        0.0014808507265523076,
        0.0014769820693259438
    ],
    "lr": [
        9.999999747378752e-05,
        9.999999747378752e-05,
        9.999999747378752e-05,
        9.999999747378752e-05,
        9.999999747378752e-05,
        9.999999747378752e-05,
        9.999999747378752e-05,
        9.999999747378752e-05,
        9.999999747378752e-05,
        9.999999747378752e-05,
        9.999999747378752e-05,
        9.999999747378752e-05,
        9.999999747378752e-05,
        9.999999747378752e-05,
        9.999999747378752e-05,
        9.999999747378752e-05,
        9.999999747378752e-05,
        9.999999747378752e-05,
        9.999999747378752e-05,
        9.999999747378752e-05,
        9.999999747378752e-05,
        9.999999747378752e-05,
        9.999999747378752e-05,
        9.999999747378752e-05,
        9.999999747378752e-05,
        9.999999747378752e-05,
        9.999999747378752e-05,
        9.999999747378752e-05,
        9.999999747378752e-05,
        9.999999747378752e-05,
        9.999999747378752e-05,
        9.999999747378752e-05,
        9.999999747378752e-05,
        9.999999747378752e-05,
        9.999999747378752e-05,
        9.999999747378752e-05,
        9.999999747378752e-05,
        9.999999747378752e-05,
        9.999999747378752e-05,
        9.999999747378752e-05,
        9.999999747378752e-05,
        9.999999747378752e-05,
        9.999999747378752e-05,
        9.999999747378752e-05,
        9.999999747378752e-05,
        9.999999747378752e-05,
        9.999999747378752e-05,
        9.999999747378752e-05,
        9.999999747378752e-05,
        9.999999747378752e-05,
        9.999999747378752e-05,
        9.999999747378752e-05,
        9.999999747378752e-05,
        9.999999747378752e-05,
        9.999999747378752e-05,
        9.999999747378752e-05,
        9.999999747378752e-05,
        9.999999747378752e-05,
        9.999999747378752e-05,
        9.999999747378752e-05,
        9.999999747378752e-05,
        9.999999747378752e-05,
        9.999999747378752e-05,
        9.999999747378752e-05,
        9.999999747378752e-05,
        9.999999747378752e-05,
        9.999999747378752e-05,
        9.999999747378752e-05,
        9.999999747378752e-05,
        9.999999747378752e-05,
        9.999999747378752e-05,
        9.999999747378752e-05,
        9.999999747378752e-05,
        9.999999747378752e-05,
        9.999999747378752e-05,
        9.999999747378752e-05,
        9.999999747378752e-05,
        9.999999747378752e-05,
        9.999999747378752e-05,
        9.999999747378752e-05,
        9.999999747378752e-05,
        9.999999747378752e-05,
        9.999999747378752e-05,
        9.999999747378752e-05,
        9.999999747378752e-05,
        9.999999747378752e-05,
        9.999999747378752e-05,
        9.999999747378752e-05,
        9.999999747378752e-05,
        9.999999747378752e-05,
        9.999999747378752e-05,
        9.999999747378752e-05,
        9.999999747378752e-05,
        9.999999747378752e-05,
        9.999999747378752e-05,
        9.999999747378752e-05,
        9.999999747378752e-05,
        9.999999747378752e-05,
        9.999999747378752e-05,
        9.999999747378752e-05
    ],