{
    "epoch": [
        0,
        1,
        2,
        3,
        4,
        5,
        6,
        7,
        8,
        9,
        10,
        11,
        12,
        13,
        14,
        15,
        16,
        17,
        18,
        19,
        20,
        21,
        22,
        23,
        24,
        25,
        26,
        27,
        28,
        29,
        30,
        31,
        32,
        33,
        34,
        35,
        36,
        37,
        38,
        39,
        40,
        41,
        42,
        43,
        44,
        45,
        46,
        47,
        48,
        49,
        50,
        51,
        52,
        53,
        54,
        55,
        56,
        57,
        58,
        59,
        60,
        61,
        62,
        63,
        64,
        65,
        66,
        67,
        68,
        69,
        70,
        71,
        72,
        73,
        74,
        75,
        76,
        77,
        78,
        79,
        80,
        81,
        82,
        83,
        84,
        85,
        86,
        87,
        88,
        89,
        90,
        91,
        92,
        93,
        94,
        95,
        96,
        97,
        98,
        99
    ],
    "loss": [
        0.011632244354486466,
        0.0050222755853946395,
        0.003415842944326309,
        0.0024846810853252042,
        0.001919803249477767,
        0.0015726422558896816,
        0.0013530474263315018,
        0.0012058347597145118,
        0.0011056090707389208,
        0.0010335836195888427,
        0.0009786168929261083,
        0.0009364058970831908,
        0.0009025394218687254,
        0.000875222190670096,
        0.0008528616300998972,
        0.0008339960558125033,
        0.0008174223904712842,
        0.0008023002389388589,
        0.000787954558346134,
        0.0007745297179485743,
        0.0007616705599455879,
        0.0007498022727596645,
        0.0007384681839137697,
        0.000727419656357513,
        0.0007166685075570757,
        0.0007051656935220728,
        0.0006950308422987851,
        0.0006855850551134118,
        0.0006769871274797389,
        0.0006691487445854223,
        0.0006622728657335617,
        0.000655934716316943,
        0.0006504075241919894,
        0.0006450980662153317,
        0.0006404604686280856,
        0.0006360595220914827,
        0.0006323191517247604,
        0.0006279416923912672,
        0.0006247486332144875,
        0.0006214920730831531,
        0.0006184303073642345,
        0.0006154488057256318,
        0.0006123464946849989,
        0.0006100904466297764,
        0.0006076134494649103,
        0.0006050818944063325,
        0.0006026401632895263,
        0.0006005657487011586,
        0.000598280523581287,
        0.0005963388787367596,
        0.0005941403017630084,
        0.0005930571313302678,
        0.0005908944763314838,
        0.000588793222942891,
        0.0005869432585457197,
        0.0005851018511260358,
        0.0005830722096805963,
        0.0005813908360253733,
        0.0005797717532966859,
        0.0005781605454734885,
        0.0005764725228664107,
        0.0005748616480447639,
        0.0005733247343522425,
        0.0005718276086191719,
        0.0005703658897107324,
        0.0005689462926167135,
        0.0005677390175083509,
        0.0005660414252573481,
        0.0005651665106630669,
        0.0005634793641547171,
        0.0005620780512332343,
        0.0005607995655781661,
        0.0005594297284260392,
        0.0005583275323124745,
        0.0005569971264375804,
        0.0005559082516325781,
        0.0005555400862430151,
        0.0005537989206934491,
        0.0005528419268460801,
        0.0005520264695076129,
        0.0005510732572095898,
        0.0005502321881528657,
        0.0005494473740243567,
        0.0005486439943027038,
        0.0005478671034439825,
        0.0005471085273445799,
        0.0005464054138542941,
        0.0005457718669795073,
        0.0005452600858030985,
        0.0005449641732642284,
        0.0005436586714994448,
        0.0005431764991739048,
        0.0005426911389025358,
        0.0005421213757891495,
        0.0005413489538531464,
        0.0005408254627568218,
        0.0005402990364577049,
        0.0005397027417945747,
        0.0005391891773825941,
        0.0005343287761752995
    ],
    "lr": [
        9.999999747378752e-05,
        9.999999747378752e-05,
        9.999999747378752e-05,
        9.999999747378752e-05,
        9.999999747378752e-05,
        9.999999747378752e-05,
        9.999999747378752e-05,
        9.999999747378752e-05,
        9.999999747378752e-05,
        9.999999747378752e-05,
        9.999999747378752e-05,
        9.999999747378752e-05,
        9.999999747378752e-05,
        9.999999747378752e-05,
        9.999999747378752e-05,
        9.999999747378752e-05,
        9.999999747378752e-05,
        9.999999747378752e-05,
        9.999999747378752e-05,
        9.999999747378752e-05,
        9.999999747378752e-05,
        9.999999747378752e-05,
        9.999999747378752e-05,
        9.999999747378752e-05,
        9.999999747378752e-05,
        9.999999747378752e-05,
        9.999999747378752e-05,
        9.999999747378752e-05,
        9.999999747378752e-05,
        9.999999747378752e-05,
        9.999999747378752e-05,
        9.999999747378752e-05,
        9.999999747378752e-05,
        9.999999747378752e-05,
        9.999999747378752e-05,
        9.999999747378752e-05,
        9.999999747378752e-05,
        9.999999747378752e-05,
        9.999999747378752e-05,
        9.999999747378752e-05,
        9.999999747378752e-05,
        9.999999747378752e-05,
        9.999999747378752e-05,
        9.999999747378752e-05,
        9.999999747378752e-05,
        9.999999747378752e-05,
        9.999999747378752e-05,
        9.999999747378752e-05,
        9.999999747378752e-05,
        9.999999747378752e-05,
        9.999999747378752e-05,
        9.999999747378752e-05,
        9.999999747378752e-05,
        9.999999747378752e-05,
        9.999999747378752e-05,
        9.999999747378752e-05,
        9.999999747378752e-05,
        9.999999747378752e-05,
        9.999999747378752e-05,
        9.999999747378752e-05,
        9.999999747378752e-05,
        9.999999747378752e-05,
        9.999999747378752e-05,
        9.999999747378752e-05,
        9.999999747378752e-05,
        9.999999747378752e-05,
        9.999999747378752e-05,
        9.999999747378752e-05,
        9.999999747378752e-05,
        9.999999747378752e-05,
        9.999999747378752e-05,
        9.999999747378752e-05,
        9.999999747378752e-05,
        9.999999747378752e-05,
        9.999999747378752e-05,
        9.999999747378752e-05,
        9.999999747378752e-05,
        9.999999747378752e-05,
        9.999999747378752e-05,
        9.999999747378752e-05,
        9.999999747378752e-05,
        9.999999747378752e-05,
        9.999999747378752e-05,
        9.999999747378752e-05,
        9.999999747378752e-05,
        9.999999747378752e-05,
        9.999999747378752e-05,
        9.999999747378752e-05,
        9.999999747378752e-05,
        9.999999747378752e-05,
        9.999999747378752e-05,
        9.999999747378752e-05,
        9.999999747378752e-05,
        9.999999747378752e-05,
        9.999999747378752e-05,
        9.999999747378752e-05,
        9.999999747378752e-05,
        9.999999747378752e-05,
        9.999999747378752e-05,
        4.999999873689376e-05
    ],