{
    "epoch": [
        0,
        1,
        2,
        3,
        4,
        5,
        6,
        7,
        8,
        9,
        10,
        11,
        12,
        13,
        14,
        15,
        16,
        17,
        18,
        19,
        20,
        21,
        22,
        23,
        24,
        25,
        26,
        27,
        28,
        29,
        30,
        31,
        32,
        33,
        34,
        35,
        36,
        37,
        38,
        39,
        40,
        41,
        42,
        43,
        44,
        45,
        46,
        47,
        48,
        49,
        50,
        51,
        52,
        53,
        54,
        55,
        56,
        57,
        58,
        59,
        60,
        61,
        62,
        63,
        64,
        65,
        66,
        67,
        68,
        69,
        70,
        71,
        72,
        73,
        74,
        75,
        76,
        77,
        78,
        79,
        80,
        81,
        82,
        83,
        84,
        85,
        86,
        87,
        88,
        89,
        90,
        91,
        92,
        93,
        94,
        95,
        96,
        97,
        98,
        99
    ],
    "loss": [
        0.36782070147074186,
        0.15835253887910108,
        0.10983820479649764,
        0.08227927073836326,
        0.06435962676084958,
        0.053523572593927385,
        0.046439177513122556,
        0.04156339186086105,
        0.0380819307164504,
        0.03552581162636097,
        0.03362891570650614,
        0.03218473403499677,
        0.031051944153813217,
        0.030152753608731122,
        0.029388336742153534,
        0.028759549472194453,
        0.028224078111923658,
        0.027757527564580622,
        0.027341414565077195,
        0.026952431228298407,
        0.026590387549537877,
        0.026245700793770643,
        0.025905394235482583,
        0.02557873523579194,
        0.02525507666170597,
        0.024935860167329127,
        0.024623869920006165,
        0.024310164001125557,
        0.02401730950635213,
        0.023737763345241546,
        0.02347107554628299,
        0.0232181246223358,
        0.022934017975743,
        0.022661831147395648,
        0.022423033608840064,
        0.022211026735030687,
        0.02202010670189674,
        0.021842395086701098,
        0.021681770390042893,
        0.021554539251786013,
        0.021405504712691675,
        0.021277943364702737,
        0.021167624722306544,
        0.021052867223437015,
        0.020954060145295585,
        0.020861814455917248,
        0.02076778926528417,
        0.020687318827097234,
        0.020600524589419366,
        0.02052431423904804,
        0.02044584682182624,
        0.020367452804858868,
        0.020299159185244487,
        0.02024132543286452,
        0.02016540687473921,
        0.020100903849189097,
        0.02004364179647886,
        0.01998561186859241,
        0.019930514592963914,
        0.01987359726486298,
        0.019820775953622964,
        0.01976907024761805,
        0.01972271785426598,
        0.019687432505763495,
        0.019632137198287707,
        0.01958785450573151,
        0.019535987835664015,
        0.01949775972503882,
        0.019450684260290403,
        0.01941245164263707,
        0.019368483135333427,
        0.01932837713796359,
        0.019287713593015305,
        0.019247038725477,
        0.019208588944604765,
        0.01917803443910984,
        0.019122399265949542,
        0.019096084885299205,
        0.019044525493222934,
        0.019003146362992433,
        0.018966085369770343,
        0.018916033558547495,
        0.018878758082596155,
        0.01884574309679178,
        0.018798838672156516,
        0.018763282478428803,
        0.018723104281494252,
        0.018684152177320078,
        0.018649576776302777,
        0.018616117794353227,
        0.018578581443199745,
        0.018545512616061247,
        0.018609758677390904,
        0.018454883908996217,
        0.018450312931377152,
        0.018428336997444814,
        0.018393358470728764,
        0.018364653214239156,
        0.018340498654888227,
        0.018307242782070087
    ],
    "mean_squared_error": [
        0.4199951305435254,
        0.04416595240395803,
        0.022737340389535978,
        0.013772707951183502,
        0.009308516940245261,
        0.0071090158727020025,
        0.005869230672287253,
        0.005101778195311244,
        0.004596615305743538,
        0.004245126643862862,
        0.0039893108848482375,
        0.0037967138576966066,
        0.003645217226245082,
        0.003522446114354982,
        0.0034113590224431113,
        0.003320211178981341,
        0.003241320020877398,
        0.0031707047865940975,
        0.0031067286878824233,
        0.0030444892859086393,
        0.0029839440395769017,
        0.0029244515848560974,
        0.002864447019994259,
        0.002805286610713945,
        0.0027470043533696577,
        0.0026902973154703013,
        0.00263457862731929,
        0.0025799096506805373,
        0.0025295102262439637,
        0.0024831431455766923,
        0.002440050773250942,
        0.002399776191307375,
        0.002358169487032753,
        0.0023195626962786682,
        0.00228446951143157,
        0.002253557725666234,
        0.0022254837752821353,
        0.0021991365736780256,
        0.0021755249575496865,
        0.0021562785418131033,
        0.0021351276765792415,
        0.0021164244608953596,
        0.0020999553066033583,
        0.0020834821578688345,
        0.002069087618173888,
        0.002055771205216073,
        0.002042310825190865,
        0.0020302754500880838,
        0.0020177310273910946,
        0.0020063366745956815,
        0.0019951664191455794,
        0.001983794363287206,
        0.0019735556587290306,
        0.0019648243408077037,
        0.0019539621750322674,
        0.0019444390483057269,
        0.0019359243381052063,
        0.0019271304136715256,
        0.0019189599958033515,
        0.0019104311137388532,
        0.0019025920340074943,
        0.0018947399406550596,
        0.0018875681921266593,
        0.0018821135794815536,
        0.0018735203855097867,
        0.0018665474938730207,
        0.0018591120769627966,
        0.001852996111023598,
        0.0018457389406215112,
        0.0018395875261809963,
        0.0018326599545633565,
        0.0018262536682618353,
        0.0018197335216145103,
        0.0018132529210012692,
        0.0018069250339713806,
        0.0018013651840603695,
        0.001793379729327101,
        0.0017878476554671159,
        0.0017801916778374177,
        0.0017731091113259586,
        0.0017668084409804298,
        0.0017593495585382557,
        0.0017532391412398564,
        0.001747644991793025,
        0.0017406515973405197,
        0.0017347422061989514,
        0.001728377223910334,
        0.001722155524775959,
        0.001716412493887429,
        0.0017109204416091625,
        0.0017052751230792358,
        0.0017000570113484103,
        0.0017034910049719305,
        0.0016890228287173579,
        0.0016852287321279828,
        0.0016811190324548919,
        0.0016758558704302862,
        0.0016710486508404406,
        0.001666756922343316,
        0.0016617839696029058
    ],
    "timestamp": "2019-04-10_190340",
    "training time (s)": 47377.24,